WalletId,NftId,Date1,Date2,TotalDays,Interest
0x541779a8a9Fb972077AB81bE8dF047566c463fc7,10,2022-06-26,2022-07-25,30,49.31506849315071
0x541779a8a9Fb972077AB81bE8dF047566c463fc7,11,2022-06-26,2022-07-25,30,49.31506849315071
0x541779a8a9Fb972077AB81bE8dF047566c463fc7,12,2022-06-26,2022-07-25,30,49.31506849315071
0x541779a8a9Fb972077AB81bE8dF047566c463fc7,13,2022-06-26,2022-07-25,30,49.31506849315071
0x541779a8a9Fb972077AB81bE8dF047566c463fc7,14,2022-06-26,2022-07-25,30,49.31506849315071
0x541779a8a9Fb972077AB81bE8dF047566c463fc7,15,2022-06-26,2022-07-25,30,49.31506849315071
0x541779a8a9Fb972077AB81bE8dF047566c463fc7,16,2022-06-26,2022-07-25,30,49.31506849315071
0x541779a8a9Fb972077AB81bE8dF047566c463fc7,17,2022-06-26,2022-07-25,30,49.31506849315071
0x541779a8a9Fb972077AB81bE8dF047566c463fc7,18,2022-06-26,2022-07-25,30,49.31506849315071
0x541779a8a9Fb972077AB81bE8dF047566c463fc7,19,2022-06-26,2022-07-25,30,49.31506849315071
0x13bc90efC06c044dF62f2Cc55E3B4Fc792B98BC9,20,2022-06-26,2022-07-25,30,49.31506849315071
0x13bc90efC06c044dF62f2Cc55E3B4Fc792B98BC9,21,2022-06-26,2022-07-25,30,49.31506849315071
0x13bc90efC06c044dF62f2Cc55E3B4Fc792B98BC9,22,2022-06-26,2022-07-25,30,49.31506849315071
0x13bc90efC06c044dF62f2Cc55E3B4Fc792B98BC9,23,2022-06-26,2022-07-25,30,49.31506849315071
0x13bc90efC06c044dF62f2Cc55E3B4Fc792B98BC9,24,2022-06-26,2022-07-25,30,49.31506849315071
0x13bc90efC06c044dF62f2Cc55E3B4Fc792B98BC9,25,2022-06-26,2022-07-25,30,49.31506849315071
0x13bc90efC06c044dF62f2Cc55E3B4Fc792B98BC9,26,2022-06-26,2022-07-25,30,49.31506849315071
0x13bc90efC06c044dF62f2Cc55E3B4Fc792B98BC9,27,2022-06-26,2022-07-25,30,49.31506849315071
0x13bc90efC06c044dF62f2Cc55E3B4Fc792B98BC9,28,2022-06-26,2022-07-25,30,49.31506849315071
0x13bc90efC06c044dF62f2Cc55E3B4Fc792B98BC9,29,2022-06-26,2022-07-25,30,49.31506849315071
0x27c5b5ff748088286a9e7B5a793E9e34F6385097,30,2022-06-26,2022-07-25,30,49.31506849315071
0x27c5b5ff748088286a9e7B5a793E9e34F6385097,31,2022-06-26,2022-07-25,30,49.31506849315071
0x27c5b5ff748088286a9e7B5a793E9e34F6385097,32,2022-06-26,2022-07-25,30,49.31506849315071
0x27c5b5ff748088286a9e7B5a793E9e34F6385097,33,2022-06-26,2022-07-25,30,49.31506849315071
0x27c5b5ff748088286a9e7B5a793E9e34F6385097,34,2022-06-26,2022-07-25,30,49.31506849315071
0x27c5b5ff748088286a9e7B5a793E9e34F6385097,35,2022-06-26,2022-07-25,30,49.31506849315071
0x27c5b5ff748088286a9e7B5a793E9e34F6385097,36,2022-06-26,2022-07-25,30,49.31506849315071
0x27c5b5ff748088286a9e7B5a793E9e34F6385097,37,2022-06-26,2022-07-25,30,49.31506849315071
0x27c5b5ff748088286a9e7B5a793E9e34F6385097,38,2022-06-26,2022-07-25,30,49.31506849315071
0x27c5b5ff748088286a9e7B5a793E9e34F6385097,39,2022-06-26,2022-07-25,30,49.31506849315071
0x9827A215d3075a65346A8C4284E93792c353fd84,40,2022-06-26,2022-07-25,30,49.31506849315071
0x9827A215d3075a65346A8C4284E93792c353fd84,41,2022-06-26,2022-07-25,30,49.31506849315071
0x9827A215d3075a65346A8C4284E93792c353fd84,42,2022-06-26,2022-07-25,30,49.31506849315071
0x9827A215d3075a65346A8C4284E93792c353fd84,43,2022-06-26,2022-07-25,30,49.31506849315071
0x9827A215d3075a65346A8C4284E93792c353fd84,44,2022-06-26,2022-07-25,30,49.31506849315071
0x9827A215d3075a65346A8C4284E93792c353fd84,45,2022-06-26,2022-07-25,30,49.31506849315071
0x9827A215d3075a65346A8C4284E93792c353fd84,46,2022-06-26,2022-07-25,30,49.31506849315071
0x9827A215d3075a65346A8C4284E93792c353fd84,47,2022-06-26,2022-07-25,30,49.31506849315071
0x9827A215d3075a65346A8C4284E93792c353fd84,48,2022-06-26,2022-07-25,30,49.31506849315071
0x9827A215d3075a65346A8C4284E93792c353fd84,49,2022-06-26,2022-07-25,30,49.31506849315071
0x65c789A38aF425E7509F1Be90AeB9810Ee89E93c,50,2022-06-26,2022-07-25,30,49.31506849315071
0x65c789A38aF425E7509F1Be90AeB9810Ee89E93c,51,2022-06-26,2022-07-25,30,49.31506849315071
0x65c789A38aF425E7509F1Be90AeB9810Ee89E93c,52,2022-06-26,2022-07-25,30,49.31506849315071
0x65c789A38aF425E7509F1Be90AeB9810Ee89E93c,53,2022-06-26,2022-07-25,30,49.31506849315071
0x65c789A38aF425E7509F1Be90AeB9810Ee89E93c,54,2022-06-26,2022-07-25,30,49.31506849315071
0x65c789A38aF425E7509F1Be90AeB9810Ee89E93c,55,2022-06-26,2022-07-25,30,49.31506849315071
0x65c789A38aF425E7509F1Be90AeB9810Ee89E93c,56,2022-06-26,2022-07-25,30,49.31506849315071
0x65c789A38aF425E7509F1Be90AeB9810Ee89E93c,57,2022-06-26,2022-07-25,30,49.31506849315071
0x65c789A38aF425E7509F1Be90AeB9810Ee89E93c,58,2022-06-26,2022-07-25,30,49.31506849315071
0x65c789A38aF425E7509F1Be90AeB9810Ee89E93c,59,2022-06-26,2022-07-25,30,49.31506849315071
0x1c139c86C86075e08Cd7730165eE76900F66BebD,60,2022-06-26,2022-07-25,30,49.31506849315071
0x1c139c86C86075e08Cd7730165eE76900F66BebD,61,2022-06-26,2022-07-25,30,49.31506849315071
0x1c139c86C86075e08Cd7730165eE76900F66BebD,62,2022-06-26,2022-07-25,30,49.31506849315071
0x1c139c86C86075e08Cd7730165eE76900F66BebD,63,2022-06-26,2022-07-25,30,49.31506849315071
0x1c139c86C86075e08Cd7730165eE76900F66BebD,64,2022-06-26,2022-07-25,30,49.31506849315071
0x1c139c86C86075e08Cd7730165eE76900F66BebD,65,2022-06-26,2022-07-25,30,49.31506849315071
0x1c139c86C86075e08Cd7730165eE76900F66BebD,66,2022-06-26,2022-07-25,30,49.31506849315071
0x1c139c86C86075e08Cd7730165eE76900F66BebD,67,2022-06-26,2022-07-25,30,49.31506849315071
0x1c139c86C86075e08Cd7730165eE76900F66BebD,68,2022-06-26,2022-07-25,30,49.31506849315071
0x1c139c86C86075e08Cd7730165eE76900F66BebD,69,2022-06-26,2022-07-25,30,49.31506849315071
0xf9a6fC991090441eAe7C0A95f55B71cA4f3eBA14,70,2022-06-26,2022-07-25,30,49.31506849315071
0xf9a6fC991090441eAe7C0A95f55B71cA4f3eBA14,71,2022-06-26,2022-07-25,30,49.31506849315071
0xf9a6fC991090441eAe7C0A95f55B71cA4f3eBA14,72,2022-06-26,2022-07-25,30,49.31506849315071
0xf9a6fC991090441eAe7C0A95f55B71cA4f3eBA14,73,2022-06-26,2022-07-25,30,49.31506849315071
0xf9a6fC991090441eAe7C0A95f55B71cA4f3eBA14,74,2022-06-26,2022-07-25,30,49.31506849315071
0xf9a6fC991090441eAe7C0A95f55B71cA4f3eBA14,75,2022-06-26,2022-07-25,30,49.31506849315071
0xf9a6fC991090441eAe7C0A95f55B71cA4f3eBA14,76,2022-06-26,2022-07-25,30,49.31506849315071
0xf9a6fC991090441eAe7C0A95f55B71cA4f3eBA14,77,2022-06-26,2022-07-25,30,49.31506849315071
0xf9a6fC991090441eAe7C0A95f55B71cA4f3eBA14,78,2022-06-26,2022-07-25,30,49.31506849315071
0xf9a6fC991090441eAe7C0A95f55B71cA4f3eBA14,79,2022-06-26,2022-07-25,30,49.31506849315071
0x1352e95f4Ad4F8D6eE4CB4969C720631e09284a9,80,2022-06-26,2022-07-25,30,49.31506849315071
0x1352e95f4Ad4F8D6eE4CB4969C720631e09284a9,81,2022-06-26,2022-07-25,30,49.31506849315071
0x1352e95f4Ad4F8D6eE4CB4969C720631e09284a9,82,2022-06-26,2022-07-25,30,49.31506849315071
0x1352e95f4Ad4F8D6eE4CB4969C720631e09284a9,83,2022-06-26,2022-07-25,30,49.31506849315071
0x1352e95f4Ad4F8D6eE4CB4969C720631e09284a9,84,2022-06-26,2022-07-25,30,49.31506849315071
0x1352e95f4Ad4F8D6eE4CB4969C720631e09284a9,85,2022-06-26,2022-07-25,30,49.31506849315071
0x1352e95f4Ad4F8D6eE4CB4969C720631e09284a9,86,2022-06-26,2022-07-25,30,49.31506849315071
0x1352e95f4Ad4F8D6eE4CB4969C720631e09284a9,87,2022-06-26,2022-07-25,30,49.31506849315071
0x1352e95f4Ad4F8D6eE4CB4969C720631e09284a9,88,2022-06-26,2022-07-25,30,49.31506849315071
0x1352e95f4Ad4F8D6eE4CB4969C720631e09284a9,89,2022-06-26,2022-07-25,30,49.31506849315071
0x0aD69960F945852fA72B04467472CD42B2181180,90,2022-06-26,2022-07-25,30,49.31506849315071
0x0aD69960F945852fA72B04467472CD42B2181180,91,2022-06-26,2022-07-25,30,49.31506849315071
0x0aD69960F945852fA72B04467472CD42B2181180,92,2022-06-26,2022-07-25,30,49.31506849315071
0x0aD69960F945852fA72B04467472CD42B2181180,93,2022-06-26,2022-07-25,30,49.31506849315071
0x0aD69960F945852fA72B04467472CD42B2181180,94,2022-06-26,2022-07-25,30,49.31506849315071
0x0aD69960F945852fA72B04467472CD42B2181180,95,2022-06-26,2022-07-25,30,49.31506849315071
0x0aD69960F945852fA72B04467472CD42B2181180,96,2022-06-26,2022-07-25,30,49.31506849315071
0x0aD69960F945852fA72B04467472CD42B2181180,97,2022-06-26,2022-07-25,30,49.31506849315071
0x0aD69960F945852fA72B04467472CD42B2181180,98,2022-06-26,2022-07-25,30,49.31506849315071
